{"cameraMode":{"drawMode":0,"name":"Shaded","section":"Shading Mode"},"sceneLighting":false,"audioPlay":false,"sceneViewState":{"showFog":true,"showMaterialUpdate":false,"showSkybox":false,"showFlares":true,"showImageEffects":true,"showParticleSystems":true},"in2DMode":false,"pivot":{"x":0.0000019073486328125,"y":2.384185791015625e-7,"z":0.0},"rotation":{"x":-0.43354299664497378,"y":0.03701123967766762,"z":-0.017850058153271676,"w":-0.9002394676208496},"size":21.551244735717775,"orthographic":false}