{"cameraMode":{"drawMode":0,"name":"Shaded","section":"Shading Mode"},"sceneLighting":false,"audioPlay":false,"sceneViewState":{"showFog":true,"showMaterialUpdate":false,"showSkybox":false,"showFlares":true,"showImageEffects":true,"showParticleSystems":true},"in2DMode":false,"pivot":{"x":0.17403531074523927,"y":-1.1920928955078126e-7,"z":0.1740349531173706},"rotation":{"x":0.16678498685359956,"y":-0.3369815945625305,"z":0.06102918088436127,"w":0.9249135255813599},"size":8.185084342956543,"orthographic":false}